source,target,weight
AD,DC,2
AS,AW,3
AS,BT,2
AS,CM,1
AS,DB,2
AS,DC,8
AS,DS,9
AS,JM,1
AS,OS,7
AS,ST,1
AS,TT,1
AS,WW,3
AW,BT,11
AW,CM,1
AW,CP,5
AW,CS,2
AW,DB,3
AW,DC,32
AW,DM,1
AW,DO,3
AW,DP,3
AW,DS,3
AW,EM,2
AW,GP,1
AW,GU,1
AW,HA,1
AW,HS,1
AW,JM,1
AW,LE,1
AW,LS,2
AW,MJ,1
AW,OS,2
AW,ST,2
AW,TT,6
AW,TW,1
AW,UH,7
AW,UM,3
AW,WA,2
AW,WB,1
AW,WM,3
AW,WW,8
BA,CP,7
BA,DC,10
BA,DP,3
BA,HP,2
BA,LE,1
BA,MG,1
BC,HC,2
BC,MC,1
BC,MH,1
BC,SC,1
BC,ST,1
BC,TT,2
BM,CC,4
BM,CP,2
BM,DC,4
BM,JM,1
BT,CC,1
BT,CD,1
BT,CP,11
BT,CR,3
BT,CS,3
BT,DB,20
BT,DC,54
BT,DM,2
BT,DO,7
BT,DP,3
BT,DS,1
BT,ED,3
BT,EM,3
BT,FS,1
BT,HP,1
BT,JM,3
BT,JT,4
BT,LS,3
BT,MJ,2
BT,OS,2
BT,ST,1
BT,TI,1
BT,TR,4
BT,TT,8
BT,TW,2
BT,UH,4
BT,UM,1
BT,WM,7
BT,WW,3
CC,CP,6
CC,DC,12
CC,ED,6
CC,JM,5
CD,DC,3
CD,ED,2
CD,JM,1
CD,JR,1
CD,MG,1
CD,MO,1
CH,DC,1
CK,DC,6
CK,JS,1
CK,LM,1
CK,MC,2
CK,MM,1
CK,OC,1
CK,TT,3
CK,TU,3
CK,UH,1
CL,DC,2
CL,DM,2
CL,EM,2
CL,MJ,2
CL,TW,1
CL,WM,2
CM,DC,2
CM,DS,1
CM,JU,1
CM,UH,1
CM,WW,1
CP,CR,1
CP,CS,1
CP,DB,6
CP,DC,45
CP,DM,1
CP,DO,1
CP,DP,13
CP,ED,3
CP,EM,1
CP,FS,1
CP,HP,9
CP,JM,1
CP,JS,1
CP,LE,4
CP,LS,1
CP,ME,1
CP,MG,8
CP,MJ,1
CP,ST,1
CP,TI,1
CP,TT,3
CP,TW,1
CP,WM,2
CR,DB,1
CR,DC,6
CS,DC,5
CS,DO,5
CS,LS,7
CS,ST,1
CS,TT,2
DB,DC,21
DB,DS,3
DB,ED,1
DB,JM,1
DB,JT,2
DB,OS,1
DB,TR,1
DB,TT,6
DB,UH,2
DB,UM,1
DB,WM,3
DC,DL,1
DC,DM,5
DC,DO,21
DC,DP,29
DC,DS,11
DC,DW,2
DC,ED,17
DC,EM,12
DC,FG,1
DC,FM,1
DC,FS,8
DC,GP,1
DC,GR,1
DC,GU,1
DC,HA,1
DC,HP,16
DC,HS,1
DC,JK,2
DC,JM,15
DC,JR,3
DC,JS,24
DC,JT,5
DC,JU,4
DC,KI,1
DC,LA,1
DC,LC,1
DC,LE,12
DC,LF,1
DC,LM,6
DC,LS,6
DC,MC,2
DC,ME,7
DC,MF,1
DC,MG,13
DC,MJ,5
DC,ML,3
DC,MM,2
DC,MO,5
DC,MP,2
DC,MS,9
DC,MW,1
DC,OC,1
DC,OM,5
DC,OS,6
DC,PA,1
DC,PN,1
DC,QU,4
DC,RD,12
DC,RW,1
DC,SA,1
DC,SH,1
DC,ST,5
DC,TI,6
DC,TP,2
DC,TR,1
DC,TT,34
DC,TU,5
DC,TW,3
DC,UH,12
DC,UM,3
DC,WA,2
DC,WB,1
DC,WI,1
DC,WL,1
DC,WM,24
DC,WW,10
DM,DP,2
DM,EM,6
DM,LE,1
DM,ME,1
DM,MG,1
DM,MJ,6
DM,ML,1
DM,TT,2
DM,TW,3
DM,WM,6
DO,FS,1
DO,JM,1
DO,JU,3
DO,KI,1
DO,LS,6
DO,PA,1
DO,RW,1
DO,ST,1
DO,TT,3
DP,EM,2
DP,HP,10
DP,JS,2
DP,LE,7
DP,ME,6
DP,MG,11
DP,MJ,2
DP,ML,1
DP,MS,1
DP,RD,1
DP,TT,1
DP,TW,1
DP,WM,2
DS,JM,1
DS,OS,7
DS,ST,1
DS,TT,1
DS,UH,1
DS,WW,4
DW,JS,1
DW,LM,1
ED,FS,1
ED,JM,12
ED,JR,1
ED,JT,1
ED,MG,1
ED,MO,1
ED,PN,1
ED,QU,2
EM,LE,1
EM,LM,1
EM,ME,1
EM,MG,1
EM,MJ,6
EM,ML,1
EM,TT,6
EM,TW,3
EM,WM,13
FG,FM,1
FG,JS,1
FM,JS,1
FS,JM,1
FS,JU,1
FS,KI,1
FS,RW,1
GP,GU,1
GP,HA,1
GP,HS,1
GP,TT,1
GP,UH,1
GP,WA,1
GP,WB,1
GR,TP,1
GU,HA,1
GU,HS,1
GU,TT,1
GU,UH,1
GU,WA,1
GU,WB,1
HA,HS,1
HA,TT,1
HA,UH,1
HA,WA,1
HA,WB,1
HC,MC,1
HC,MH,1
HC,SC,1
HC,ST,1
HC,TT,2
HP,JS,4
HP,LE,8
HP,ME,2
HP,MG,7
HS,TT,1
HS,UH,1
HS,WA,1
HS,WB,1
JK,TI,1
JM,JT,1
JM,OS,1
JM,QU,1
JM,WW,1
JR,MG,1
JR,MO,3
JR,OM,2
JS,LE,3
JS,LM,4
JS,MG,2
JS,MM,1
JS,MS,4
JS,RD,4
JS,TT,2
JS,TU,1
JU,KI,1
JU,RW,1
KI,RW,1
LE,LM,2
LE,ME,3
LE,MG,6
LE,MJ,1
LE,ML,1
LE,RD,1
LE,WM,1
LM,MS,1
LM,RD,2
LM,TT,2
LM,UH,1
LM,WM,1
LS,ST,1
LS,TT,2
MC,OC,1
MC,TT,1
MC,TU,1
ME,MG,1
ME,MJ,1
ME,ML,1
ME,WM,1
MF,ML,1
MF,MM,1
MG,MJ,1
MG,ML,1
MG,MO,1
MG,WM,1
MH,SC,1
MH,ST,1
MH,TT,1
MJ,ML,1
MJ,TT,2
MJ,TW,3
MJ,WM,6
ML,MM,1
ML,TU,2
ML,WM,1
MM,TT,1
MM,TU,1
MO,OM,3
MP,MW,1
MS,RD,8
OC,TU,1
OS,WW,2
PN,QU,1
QU,TP,1
QU,WM,2
SC,ST,1
SC,TT,1
ST,TT,6
TP,WM,1
TT,TU,1
TT,TW,1
TT,UH,4
TT,UM,1
TT,WA,1
TT,WB,1
TT,WM,10
TW,WM,3
UH,UM,4
UH,WA,1
UH,WB,1
UH,WM,3
UH,WW,5
UM,WM,2
UM,WW,2
WA,WB,1
